<?xml version="1.0" encoding="UTF-8"?>
<project-private xmlns="http://www.netbeans.org/ns/project-private/1">
    <editor-bookmarks xmlns="http://www.netbeans.org/ns/editor-bookmarks/2" lastBookmarkId="0"/>
    <open-files xmlns="http://www.netbeans.org/ns/projectui-open-files/2">
        <group>
            <file>file:/C:/Users/sdbm1/OneDrive/Desktop/Proyecto/src/model/Prestamo.java</file>
            <file>file:/C:/Users/sdbm1/OneDrive/Desktop/Proyecto/src/bd/ConectionDB.java</file>
            <file>file:/C:/Users/sdbm1/OneDrive/Desktop/Proyecto/src/controler/UsuariosDAO.java</file>
            <file>file:/C:/Users/sdbm1/OneDrive/Desktop/Proyecto/src/view/User.java</file>
            <file>file:/C:/Users/sdbm1/OneDrive/Desktop/Proyecto/src/view/ListadoUsuario.java</file>
            <file>file:/C:/Users/sdbm1/OneDrive/Desktop/Proyecto/src/interfasviernes/Interfasviernes.java</file>
            <file>file:/C:/Users/sdbm1/OneDrive/Desktop/Proyecto/src/model/Usuario.java</file>
        </group>
    </open-files>
</project-private>
